"","Sample","day","CorrectedAverage","StdDev_iCO2","CV","RelativeStdDev"
"1","col1","Aug13",-13.1712957758382,0.331390528416945,-0.0251600551727687,2.51600551727687
"9","col1","July17",-15.3984588211538,0.575007138260547,-0.037341862905827,3.7341862905827
"16","col1","July23",-10.9573807085215,0.812187576836472,-0.074122420169707,7.4122420169707
"24","col1","July30",-14.1745286503543,0.845460726835301,-0.0596464790957383,5.96464790957383
"33","col1","Aug02",-17.9538427750169,0.19469622037947,-0.0108442645298417,1.08442645298417
"41","col1","Aug09",-13.7625818955704,0.398578262848811,-0.028961009342084,2.8961009342084
"11","Total","total",-14.2363481044092,2.33600118387793,-0.164087107644863,16.4087107644863
