"","Sample","day","CorrectedAverage","StdDev_iCO2","CV","RelativeStdDev"
"2","col2","Aug13",-10.5585657808222,0.375448896914972,-0.0355587022620922,3.55587022620922
"10","col2","July17",-14.2148755087654,0.172634607956405,-0.0121446443797522,1.21446443797522
"17","col2","July23",-12.8496682788649,0.636756476245613,-0.049554312409212,4.9554312409212
"25","col2","July30",-13.6431361934488,1.14699472401229,-0.0840711921180599,8.40711921180599
"34","col2","Aug02",-15.3277398672889,0.460389399705785,-0.0300363526320216,3.00363526320216
"42","col2","Aug09",-13.2717894450889,0.508702576969768,-0.0383296147874022,3.83296147874022
"1","Total","total",-13.3109625123799,1.59904994454006,-0.12013030185104,12.013030185104
