"","Sample","day","CorrectedAverage","StdDev_iCO2","CV","RelativeStdDev"
"3","col3","Aug13",-10.7958259092353,0.430019548337685,-0.0398320195187498,3.98320195187498
"11","col3","July17",-12.8623743734744,0.686211616190689,-0.0533503065814845,5.33503065814845
"18","col3","July23",-13.5362688132794,0.31862192749657,-0.0235383865296761,2.35383865296761
"26","col3","July30",-11.4427909717549,0.794101063146391,-0.0693974979623879,6.93974979623879
"35","col3","Aug02",-13.3919827273676,0.317133049761959,-0.0236808138285507,2.36808138285507
"43","col3","Aug09",-13.0247031916119,0.305937079231615,-0.0234889866379944,2.34889866379944
"1","Total","total",-12.5089909977872,1.12227715809649,-0.0897176405590999,8.97176405590999
