"","Sample","day","CorrectedAverage","StdDev_iCO2","CV","RelativeStdDev"
"4","col4","Aug13",-9.69358307767463,0.395754070274617,-0.0408263969167481,4.08263969167481
"12","col4","July17",-13.1714195456331,0.299323676901463,-0.0227252405000418,2.27252405000418
"19","col4","July23",-11.2005327843603,0.486077353751005,-0.0433976992978166,4.33976992978166
"27","col4","July30",-11.4789100141078,0.901457053875089,-0.0785315899129082,7.85315899129082
"36","col4","Aug02",-13.2096263607164,0.323829885917945,-0.0245146892936329,2.45146892936329
"44","col4","Aug09",-11.3730699459412,0.846712189828766,-0.074448868586352,7.4448868586352
"1","Total","total",-11.6878569547389,1.332223923727,-0.113983592448644,11.3983592448644
