"","Sample","day","CorrectedAverage","StdDev_iCO2","CV","RelativeStdDev"
"5","col5","Aug13",-12.2950280329412,0.499788026319129,-0.0406496044563772,4.06496044563772
"13","col5","July17",-14.696111856961,0.344900844351968,-0.0234688499726274,2.34688499726274
"20","col5","July23",-14.0948763799594,0.797618213409648,-0.0565892308600684,5.65892308600684
"28","col5","July30",-14.2492909562308,0.392986764515673,-0.0275793908428708,2.75793908428708
"37","col5","Aug02",-14.2961909701642,0.913316659880482,-0.0638853147517791,6.38853147517791
"45","col5","Aug09",-11.4668776504776,0.649965529532564,-0.0566819974315757,5.66819974315757
"1","Total","total",-13.5163959744557,1.30872834778739,-0.0968252447072961,9.68252447072961
