"","Sample","day","CorrectedAverage","StdDev_iCO2","CV","RelativeStdDev"
"6","col6","Aug13",-10.2270155489956,0.500944027001969,-0.0489824254790702,4.89824254790702
"14","col6","July17",-14.1133595117727,0.173939694642609,-0.012324471327859,1.2324471327859
"21","col6","July23",-13.7156290126716,0.415800951022996,-0.0303158499430719,3.03158499430719
"29","col6","July30",-13.3332177555956,0.721294498083153,-0.0540975562917245,5.40975562917245
"38","col6","Aug02",-14.2822357490294,0.657641552219454,-0.0460461207737834,4.60461207737834
"46","col6","Aug09",-11.1105066277333,0.55153128410625,-0.0496405161875836,4.96405161875836
"1","Total","total",-12.7969940342997,1.70406668365165,-0.133161481445115,13.3161481445115
