"","Sample","day","CorrectedAverage","StdDev_iCO2","CV","RelativeStdDev"
"7","col7","Aug13",-11.0993355183731,0.362596088022976,-0.0326682698637913,3.26682698637913
"15","col7","July17",-13.4472975922868,0.30967158356988,-0.0230285365103769,2.30285365103769
"22","col7","July23",-12.908786994363,0.5733564519574,-0.0444159820909411,4.44159820909411
"30","col7","July30",-13.5679776016244,0.604981101865108,-0.0445888930265243,4.45888930265243
"39","col7","Aug02",-14.8352201758529,0.321323217349734,-0.0216594842234123,2.16594842234123
"47","col7","Aug09",-11.9609653785821,0.641971006376,-0.0536721732783831,5.36721732783831
"1","Total","total",-12.9699305435137,1.31039841126356,-0.101033571989242,10.1033571989242
