"","Sample","day","CorrectedAverage","StdDev_iCO2","CV","RelativeStdDev"
"8","col8","Aug13",-11.0201508906866,0.249009121078842,-0.0225957995991948,2.25957995991948
"23","col8","July23",-12.3457000708805,0.367149208847911,-0.0297390351895796,2.97390351895796
"31","col8","July30",-12.9463407972426,0.430257231900465,-0.0332338873693256,3.32338873693256
"40","col8","Aug02",-14.3587026563556,0.342149266190115,-0.0238287033570313,2.38287033570313
"48","col8","Aug09",-11.6946719531281,0.421810580222271,-0.0360686115790913,3.60686115790913
"1","Total","total",-12.4731132736587,1.2759992466005,-0.102299980654807,10.2299980654807
